State,S_HBIPS-2_Measure_Description,S_HBIPS-2_Overall_Rate_Per_1000,S_HBIPS-2_Overall_Num,S_HBIPS-2_Overall_Den,S_HBIPS-3_Measure_Description,S_HBIPS-3_Overall_Rate_Per_1000,S_HBIPS-3_Overall_Num,S_HBIPS-3_Overall_Den,S_HBIPS-5_Measure_Description,S_HBIPS-5_%_of_Total,S_HBIPS-5_Overall_Num,S_HBIPS-5_Overall_Den,S_SUB-1_Measure_Description,S_SUB-1_%,S_SUB-1_Numerator,S_SUB-1_Denominator,S_SUB-2/-2a_Measure_Description,S_SUB-2_%,S_SUB-2_Numerator,S_SUB-2_Denominator, S_SUB-2a_%,S_SUB-2a_Numerator,S_SUB-2a_Denominator,S_TOB-1_Measure_Description,S_TOB-1_%,S_TOB-1_Numerator,S_TOB-1_Denominator,S_TOB-2/-2a_Measure_Desc,S_TOB-2_%,S_TOB-2_Numerator,S_TOB-2_Denominator,S_TOB-2a_%,S_TOB-2a_Numerator,S_TOB-2a_Denominator,S_TOB-3/-3a_Measure_Description,S_TOB-3_%,S_TOB-3_Numerator,S_TOB-3_Denominator,S_TOB-3a_%,S_TOB-3a_Numerator,S_TOB-3a_Denominator,S_PEoC_Measure_Description,S_PEoC_Yes_Count,S_PEoC_No_Count,S_PEoC_Yes_%,S_PEoC_No_%,S_EHR_Use_Measure_Description,S_EHR_Paper_Count,S_EHR_Non-Certified_Count,S_EHR_Certified_Count,S_EHR_Paper_%,S_EHR_Non-Certified_%,S_EHR_Certified_%,S_HIE_Measure_Description,S_HIE_Yes_Count,S_HIE_No_Count,S_HIE_Yes_%,S_HIE_No_%,Start_Date,End_Date,S_FUH_Measure_Description,S_FUH-30_%,S_FUH-30_Numerator,S_FUH-30_Denominator,S_FUH-7_%,S_FUH-7_Numerator,S_FUH-7_Denominator,S_FUH_Measure_Start_Date,S_FUH_Measure_End_Date,S_IMM-2_Measure_Description,S_IMM-2_%,S_IMM-2_Numerator,S_IMM-2_Denominator,S_HCP_Measure_Description,S_HCP_%,S_HCP_Numerator,S_HCP_Denominator,S_Flu_Season_Start_Date,S_Flu_Season_End_Date
"AK","Hours of physical-restraint use","0.21","312.64","61047","Hours of Seclusion","0.46","676.2","61047","Patients discharged on multiple antipsychotic medications with appropriate justification","26.56%","17","64","Alcohol Use Screening","95.02%","1240","1305","Alcohol Use Brief Intervention Provided or Offered","58.09%","176","303","50.17%","152","303","Tobacco Use Screening","99.77%","1699","1703","Tobacco Use Treatment (during the hospital stay)","29.31%","291","993","14.80%","147","993","Tobacco Use Treatment Provided or Offered at Discharge","11.14%","90","808","0.99%","8","808","Assessment of Patient Experience of Care","3","0","100.00%","0.00%","Highest level typical use of an EHR system","3","0","0","100.00%","0.00%","0.00%","Interoperable health information exchanged with HISP","0","3","0.00%","100.00%","01/01/2016","12/31/2016","Percent of patients receiving follow-up care within 30 days (FUH-30) or within 7 days (FUH-7) after hospitalization for mental illness","Not Available","Not Available","Not Available","Not Available","Not Available","Not Available","07/01/2015","06/30/2016","Influenza Immunization","54.77%","626","1143","Healthcare Personnel Influenza Vaccination","65%","1131","1736","10/01/2016","03/31/2017"
"AL","Hours of physical-restraint use","0.14","1439.07","433344","Hours of Seclusion","0.20","2066.84","433344","Patients discharged on multiple antipsychotic medications with appropriate justification","20.88%","1156","5537","Alcohol Use Screening","92.32%","13492","14614","Alcohol Use Brief Intervention Provided or Offered","81.30%","1517","1866","75.03%","1400","1866","Tobacco Use Screening","87.95%","13885","15787","Tobacco Use Treatment (during the hospital stay)","65.19%","4878","7483","48.32%","3616","7483","Tobacco Use Treatment Provided or Offered at Discharge","49.67%","2455","4943","22.90%","1132","4943","Assessment of Patient Experience of Care","21","23","47.73%","52.27%","Highest level typical use of an EHR system","31","0","13","70.45%","0.00%","29.55%","Interoperable health information exchanged with HISP","16","28","36.36%","63.64%","01/01/2016","12/31/2016","Percent of patients receiving follow-up care within 30 days (FUH-30) or within 7 days (FUH-7) after hospitalization for mental illness","Not Available","Not Available","Not Available","Not Available","Not Available","Not Available","07/01/2015","06/30/2016","Influenza Immunization","68.98%","6523","9456","Healthcare Personnel Influenza Vaccination","76%","7662","10060","10/01/2016","03/31/2017"
"AR","Hours of physical-restraint use","0.14","1103.98","321592","Hours of Seclusion","0.23","1783.16","323671","Patients discharged on multiple antipsychotic medications with appropriate justification","60.55%","310","512","Alcohol Use Screening","91.53%","7215","7883","Alcohol Use Brief Intervention Provided or Offered","53.77%","506","941","48.78%","459","941","Tobacco Use Screening","97.36%","8029","8247","Tobacco Use Treatment (during the hospital stay)","82.21%","2079","2529","25.27%","639","2529","Tobacco Use Treatment Provided or Offered at Discharge","57.60%","1205","2092","4.30%","90","2092","Assessment of Patient Experience of Care","17","14","54.84%","45.16%","Highest level typical use of an EHR system","17","1","13","54.84%","3.23%","41.94%","Interoperable health information exchanged with HISP","10","21","32.26%","67.74%","01/01/2016","12/31/2016","Percent of patients receiving follow-up care within 30 days (FUH-30) or within 7 days (FUH-7) after hospitalization for mental illness","Not Available","Not Available","Not Available","Not Available","Not Available","Not Available","07/01/2015","06/30/2016","Influenza Immunization","85.51%","4993","5839","Healthcare Personnel Influenza Vaccination","81%","4325","5323","10/01/2016","03/31/2017"
"AZ","Hours of physical-restraint use","0.31","3632.29","484657","Hours of Seclusion","0.17","1940.76","484657","Patients discharged on multiple antipsychotic medications with appropriate justification","68.27%","482","706","Alcohol Use Screening","94.51%","12625","13359","Alcohol Use Brief Intervention Provided or Offered","83.24%","2330","2799","75.35%","2109","2799","Tobacco Use Screening","97.03%","13753","14174","Tobacco Use Treatment (during the hospital stay)","76.19%","4666","6124","30.32%","1857","6124","Tobacco Use Treatment Provided or Offered at Discharge","38.08%","2111","5544","5.28%","293","5544","Assessment of Patient Experience of Care","24","5","82.76%","17.24%","Highest level typical use of an EHR system","13","1","15","44.83%","3.45%","51.72%","Interoperable health information exchanged with HISP","15","14","51.72%","48.28%","01/01/2016","12/31/2016","Percent of patients receiving follow-up care within 30 days (FUH-30) or within 7 days (FUH-7) after hospitalization for mental illness","Not Available","Not Available","Not Available","Not Available","Not Available","Not Available","07/01/2015","06/30/2016","Influenza Immunization","82.22%","7213","8773","Healthcare Personnel Influenza Vaccination","72%","5647","7877","10/01/2016","03/31/2017"
"CA","Hours of physical-restraint use","0.44","19246.61","1835475","Hours of Seclusion","0.28","12250.16","1830841","Patients discharged on multiple antipsychotic medications with appropriate justification","61.85%","2061","3332","Alcohol Use Screening","87.52%","33434","38203","Alcohol Use Brief Intervention Provided or Offered","72.05%","4321","5997","66.42%","3983","5997","Tobacco Use Screening","95.32%","41525","43563","Tobacco Use Treatment (during the hospital stay)","66.32%","11075","16699","35.48%","5924","16699","Tobacco Use Treatment Provided or Offered at Discharge","29.28%","4269","14581","5.42%","791","14581","Assessment of Patient Experience of Care","68","26","72.34%","27.66%","Highest level typical use of an EHR system","54","2","38","57.45%","2.13%","40.43%","Interoperable health information exchanged with HISP","32","62","34.04%","65.96%","01/01/2016","12/31/2016","Percent of patients receiving follow-up care within 30 days (FUH-30) or within 7 days (FUH-7) after hospitalization for mental illness","Not Available","Not Available","Not Available","Not Available","Not Available","Not Available","07/01/2015","06/30/2016","Influenza Immunization","77.18%","22556","29224","Healthcare Personnel Influenza Vaccination","84%","31355","37303","10/01/2016","03/31/2017"
"CO","Hours of physical-restraint use","0.58","4569.8","326850","Hours of Seclusion","0.44","3486.6","326850","Patients discharged on multiple antipsychotic medications with appropriate justification","71.45%","418","585","Alcohol Use Screening","78.50%","4895","6236","Alcohol Use Brief Intervention Provided or Offered","59.82%","682","1140","56.49%","644","1140","Tobacco Use Screening","96.24%","7273","7557","Tobacco Use Treatment (during the hospital stay)","63.18%","2160","3419","36.59%","1251","3419","Tobacco Use Treatment Provided or Offered at Discharge","18.50%","569","3075","7.58%","233","3075","Assessment of Patient Experience of Care","14","2","87.50%","12.50%","Highest level typical use of an EHR system","10","1","5","62.50%","6.25%","31.25%","Interoperable health information exchanged with HISP","5","11","31.25%","68.75%","01/01/2016","12/31/2016","Percent of patients receiving follow-up care within 30 days (FUH-30) or within 7 days (FUH-7) after hospitalization for mental illness","Not Available","Not Available","Not Available","Not Available","Not Available","Not Available","07/01/2015","06/30/2016","Influenza Immunization","76.40%","3970","5196","Healthcare Personnel Influenza Vaccination","95%","4401","4646","10/01/2016","03/31/2017"
"CT","Hours of physical-restraint use","0.50","5403.13","454510","Hours of Seclusion","0.21","2088.22","413423","Patients discharged on multiple antipsychotic medications with appropriate justification","60.00%","438","730","Alcohol Use Screening","94.81%","13422","14156","Alcohol Use Brief Intervention Provided or Offered","68.47%","2771","4047","64.79%","2622","4047","Tobacco Use Screening","97.77%","15138","15483","Tobacco Use Treatment (during the hospital stay)","74.92%","5585","7455","47.31%","3527","7455","Tobacco Use Treatment Provided or Offered at Discharge","30.42%","2051","6743","11.37%","767","6743","Assessment of Patient Experience of Care","18","10","64.29%","35.71%","Highest level typical use of an EHR system","17","1","10","60.71%","3.57%","35.71%","Interoperable health information exchanged with HISP","10","18","35.71%","64.29%","01/01/2016","12/31/2016","Percent of patients receiving follow-up care within 30 days (FUH-30) or within 7 days (FUH-7) after hospitalization for mental illness","Not Available","Not Available","Not Available","Not Available","Not Available","Not Available","07/01/2015","06/30/2016","Influenza Immunization","86.42%","7639","8839","Healthcare Personnel Influenza Vaccination","83%","6114","7399","10/01/2016","03/31/2017"
"DC","Hours of physical-restraint use","0.16","583.71","152910","Hours of Seclusion","0.13","477.21","152910","Patients discharged on multiple antipsychotic medications with appropriate justification","66.41%","170","256","Alcohol Use Screening","75.73%","1832","2419","Alcohol Use Brief Intervention Provided or Offered","51.74%","267","516","37.60%","194","516","Tobacco Use Screening","83.46%","2291","2745","Tobacco Use Treatment (during the hospital stay)","50.63%","599","1183","23.67%","280","1183","Tobacco Use Treatment Provided or Offered at Discharge","12.69%","126","993","1.81%","18","993","Assessment of Patient Experience of Care","4","2","66.67%","33.33%","Highest level typical use of an EHR system","5","0","1","83.33%","0.00%","16.67%","Interoperable health information exchanged with HISP","2","4","33.33%","66.67%","01/01/2016","12/31/2016","Percent of patients receiving follow-up care within 30 days (FUH-30) or within 7 days (FUH-7) after hospitalization for mental illness","Not Available","Not Available","Not Available","Not Available","Not Available","Not Available","07/01/2015","06/30/2016","Influenza Immunization","81.51%","1292","1585","Healthcare Personnel Influenza Vaccination","91%","2616","2890","10/01/2016","03/31/2017"
"DE","Hours of physical-restraint use","0.06","188.83","130775","Hours of Seclusion","0.14","449.36","130775","Patients discharged on multiple antipsychotic medications with appropriate justification","67.90%","184","271","Alcohol Use Screening","98.45%","2482","2521","Alcohol Use Brief Intervention Provided or Offered","75.15%","378","503","66.60%","335","503","Tobacco Use Screening","98.29%","2579","2624","Tobacco Use Treatment (during the hospital stay)","82.43%","1004","1218","33.50%","408","1218","Tobacco Use Treatment Provided or Offered at Discharge","57.44%","633","1102","1.36%","15","1102","Assessment of Patient Experience of Care","5","0","100.00%","0.00%","Highest level typical use of an EHR system","4","0","1","80.00%","0.00%","20.00%","Interoperable health information exchanged with HISP","2","3","40.00%","60.00%","01/01/2016","12/31/2016","Percent of patients receiving follow-up care within 30 days (FUH-30) or within 7 days (FUH-7) after hospitalization for mental illness","Not Available","Not Available","Not Available","Not Available","Not Available","Not Available","07/01/2015","06/30/2016","Influenza Immunization","75.93%","1410","1857","Healthcare Personnel Influenza Vaccination","69%","2005","2899","10/01/2016","03/31/2017"
"FL","Hours of physical-restraint use","0.37","9454.1","1067653","Hours of Seclusion","0.14","3609.98","1067626","Patients discharged on multiple antipsychotic medications with appropriate justification","61.62%","1392","2259","Alcohol Use Screening","89.26%","31893","35732","Alcohol Use Brief Intervention Provided or Offered","75.67%","6495","8583","68.95%","5918","8583","Tobacco Use Screening","99.18%","42087","42435","Tobacco Use Treatment (during the hospital stay)","86.80%","18459","21265","38.71%","8231","21265","Tobacco Use Treatment Provided or Offered at Discharge","52.76%","10320","19562","15.68%","3067","19562","Assessment of Patient Experience of Care","58","12","82.86%","17.14%","Highest level typical use of an EHR system","31","1","38","44.29%","1.43%","54.29%","Interoperable health information exchanged with HISP","38","32","54.29%","45.71%","01/01/2016","12/31/2016","Percent of patients receiving follow-up care within 30 days (FUH-30) or within 7 days (FUH-7) after hospitalization for mental illness","Not Available","Not Available","Not Available","Not Available","Not Available","Not Available","07/01/2015","06/30/2016","Influenza Immunization","87.29%","22844","26170","Healthcare Personnel Influenza Vaccination","81%","26726","32958","10/01/2016","03/31/2017"
"GA","Hours of physical-restraint use","0.25","3693.46","607300","Hours of Seclusion","0.12","1763.98","607300","Patients discharged on multiple antipsychotic medications with appropriate justification","47.97%","816","1701","Alcohol Use Screening","92.17%","16309","17695","Alcohol Use Brief Intervention Provided or Offered","68.55%","2003","2922","62.05%","1813","2922","Tobacco Use Screening","96.24%","17422","18102","Tobacco Use Treatment (during the hospital stay)","71.34%","5616","7872","32.39%","2550","7872","Tobacco Use Treatment Provided or Offered at Discharge","45.07%","3439","7631","10.68%","815","7631","Assessment of Patient Experience of Care","25","13","65.79%","34.21%","Highest level typical use of an EHR system","21","1","16","55.26%","2.63%","42.11%","Interoperable health information exchanged with HISP","17","21","44.74%","55.26%","01/01/2016","12/31/2016","Percent of patients receiving follow-up care within 30 days (FUH-30) or within 7 days (FUH-7) after hospitalization for mental illness","Not Available","Not Available","Not Available","Not Available","Not Available","Not Available","07/01/2015","06/30/2016","Influenza Immunization","72.78%","8557","11758","Healthcare Personnel Influenza Vaccination","68%","9269","13727","10/01/2016","03/31/2017"
"HI","Hours of physical-restraint use","0.07","58.67","35589","Hours of Seclusion","0.05","41.23","35589","Patients discharged on multiple antipsychotic medications with appropriate justification","41.46%","17","41","Alcohol Use Screening","94.73%","449","474","Alcohol Use Brief Intervention Provided or Offered","55.81%","72","129","27.91%","36","129","Tobacco Use Screening","98.86%","522","528","Tobacco Use Treatment (during the hospital stay)","73.75%","191","259","45.56%","118","259","Tobacco Use Treatment Provided or Offered at Discharge","25.20%","63","250","8.40%","21","250","Assessment of Patient Experience of Care","2","2","50.00%","50.00%","Highest level typical use of an EHR system","2","0","2","50.00%","0.00%","50.00%","Interoperable health information exchanged with HISP","1","3","25.00%","75.00%","01/01/2016","12/31/2016","Percent of patients receiving follow-up care within 30 days (FUH-30) or within 7 days (FUH-7) after hospitalization for mental illness","Not Available","Not Available","Not Available","Not Available","Not Available","Not Available","07/01/2015","06/30/2016","Influenza Immunization","77.78%","364","468","Healthcare Personnel Influenza Vaccination","79%","386","491","10/01/2016","03/31/2017"
"IA","Hours of physical-restraint use","1.28","3447.44","111905","Hours of Seclusion","2.28","6119.71","111905","Patients discharged on multiple antipsychotic medications with appropriate justification","64.29%","198","308","Alcohol Use Screening","82.40%","2949","3579","Alcohol Use Brief Intervention Provided or Offered","70.84%","413","583","66.38%","387","583","Tobacco Use Screening","94.83%","4131","4356","Tobacco Use Treatment (during the hospital stay)","73.54%","1481","2014","34.01%","685","2014","Tobacco Use Treatment Provided or Offered at Discharge","49.43%","913","1847","6.50%","120","1847","Assessment of Patient Experience of Care","13","4","76.47%","23.53%","Highest level typical use of an EHR system","6","1","10","35.29%","5.88%","58.82%","Interoperable health information exchanged with HISP","9","8","52.94%","47.06%","01/01/2016","12/31/2016","Percent of patients receiving follow-up care within 30 days (FUH-30) or within 7 days (FUH-7) after hospitalization for mental illness","Not Available","Not Available","Not Available","Not Available","Not Available","Not Available","07/01/2015","06/30/2016","Influenza Immunization","87.87%","3027","3445","Healthcare Personnel Influenza Vaccination","95%","4972","5232","10/01/2016","03/31/2017"
"ID","Hours of physical-restraint use","0.12","254.27","91058","Hours of Seclusion","0.29","626.4","91058","Patients discharged on multiple antipsychotic medications with appropriate justification","89.62%","354","395","Alcohol Use Screening","96.41%","2925","3034","Alcohol Use Brief Intervention Provided or Offered","69.46%","721","1038","67.34%","699","1038","Tobacco Use Screening","99.11%","3466","3497","Tobacco Use Treatment (during the hospital stay)","85.88%","1648","1919","37.94%","728","1919","Tobacco Use Treatment Provided or Offered at Discharge","46.66%","810","1736","13.88%","241","1736","Assessment of Patient Experience of Care","5","2","71.43%","28.57%","Highest level typical use of an EHR system","5","0","2","71.43%","0.00%","28.57%","Interoperable health information exchanged with HISP","1","6","14.29%","85.71%","01/01/2016","12/31/2016","Percent of patients receiving follow-up care within 30 days (FUH-30) or within 7 days (FUH-7) after hospitalization for mental illness","Not Available","Not Available","Not Available","Not Available","Not Available","Not Available","07/01/2015","06/30/2016","Influenza Immunization","78.00%","1759","2255","Healthcare Personnel Influenza Vaccination","92%","5901","6449","10/01/2016","03/31/2017"
"IL","Hours of physical-restraint use","0.85","15218.56","747124","Hours of Seclusion","0.15","2775.13","787905","Patients discharged on multiple antipsychotic medications with appropriate justification","35.31%","423","1198","Alcohol Use Screening","95.45%","24425","25588","Alcohol Use Brief Intervention Provided or Offered","73.11%","3266","4467","62.75%","2803","4467","Tobacco Use Screening","98.43%","27361","27797","Tobacco Use Treatment (during the hospital stay)","79.91%","10132","12679","50.44%","6395","12679","Tobacco Use Treatment Provided or Offered at Discharge","39.28%","4491","11434","8.72%","997","11434","Assessment of Patient Experience of Care","57","12","82.61%","17.39%","Highest level typical use of an EHR system","37","1","31","53.62%","1.45%","44.93%","Interoperable health information exchanged with HISP","25","44","36.23%","63.77%","01/01/2016","12/31/2016","Percent of patients receiving follow-up care within 30 days (FUH-30) or within 7 days (FUH-7) after hospitalization for mental illness","Not Available","Not Available","Not Available","Not Available","Not Available","Not Available","07/01/2015","06/30/2016","Influenza Immunization","72.37%","17736","24508","Healthcare Personnel Influenza Vaccination","83%","21621","26117","10/01/2016","03/31/2017"
"IN","Hours of physical-restraint use","1.57","20327.8","539006","Hours of Seclusion","0.16","2040.63","537854","Patients discharged on multiple antipsychotic medications with appropriate justification","64.89%","682","1051","Alcohol Use Screening","87.46%","13557","15500","Alcohol Use Brief Intervention Provided or Offered","60.73%","1853","3051","58.01%","1770","3051","Tobacco Use Screening","97.73%","17580","17989","Tobacco Use Treatment (during the hospital stay)","71.79%","6104","8503","35.07%","2982","8503","Tobacco Use Treatment Provided or Offered at Discharge","28.13%","2195","7804","12.24%","955","7804","Assessment of Patient Experience of Care","45","11","80.36%","19.64%","Highest level typical use of an EHR system","28","1","27","50.00%","1.79%","48.21%","Interoperable health information exchanged with HISP","19","37","33.93%","66.07%","01/01/2016","12/31/2016","Percent of patients receiving follow-up care within 30 days (FUH-30) or within 7 days (FUH-7) after hospitalization for mental illness","Not Available","Not Available","Not Available","Not Available","Not Available","Not Available","07/01/2015","06/30/2016","Influenza Immunization","76.64%","9948","12981","Healthcare Personnel Influenza Vaccination","78%","8930","11484","10/01/2016","03/31/2017"
"KS","Hours of physical-restraint use","0.06","117.91","85937","Hours of Seclusion","0.06","133.52","85937","Patients discharged on multiple antipsychotic medications with appropriate justification","36.26%","157","433","Alcohol Use Screening","96.09%","5411","5631","Alcohol Use Brief Intervention Provided or Offered","69.52%","771","1109","59.78%","663","1109","Tobacco Use Screening","97.38%","6351","6522","Tobacco Use Treatment (during the hospital stay)","85.62%","2191","2559","23.33%","597","2559","Tobacco Use Treatment Provided or Offered at Discharge","58.37%","1308","2241","5.58%","125","2241","Assessment of Patient Experience of Care","11","7","61.11%","38.89%","Highest level typical use of an EHR system","11","0","7","61.11%","0.00%","38.89%","Interoperable health information exchanged with HISP","6","12","33.33%","66.67%","01/01/2016","12/31/2016","Percent of patients receiving follow-up care within 30 days (FUH-30) or within 7 days (FUH-7) after hospitalization for mental illness","Not Available","Not Available","Not Available","Not Available","Not Available","Not Available","07/01/2015","06/30/2016","Influenza Immunization","89.51%","3653","4081","Healthcare Personnel Influenza Vaccination","69%","1397","2018","10/01/2016","03/31/2017"
"KY","Hours of physical-restraint use","0.36","2878.62","337718","Hours of Seclusion","0.09","764.68","337718","Patients discharged on multiple antipsychotic medications with appropriate justification","77.57%","733","945","Alcohol Use Screening","95.68%","11733","12263","Alcohol Use Brief Intervention Provided or Offered","58.73%","1476","2513","48.07%","1208","2513","Tobacco Use Screening","99.04%","13901","14036","Tobacco Use Treatment (during the hospital stay)","85.23%","6862","8051","49.10%","3953","8051","Tobacco Use Treatment Provided or Offered at Discharge","51.19%","3668","7165","7.17%","514","7165","Assessment of Patient Experience of Care","23","6","79.31%","20.69%","Highest level typical use of an EHR system","19","0","10","65.52%","0.00%","34.48%","Interoperable health information exchanged with HISP","11","18","37.93%","62.07%","01/01/2016","12/31/2016","Percent of patients receiving follow-up care within 30 days (FUH-30) or within 7 days (FUH-7) after hospitalization for mental illness","Not Available","Not Available","Not Available","Not Available","Not Available","Not Available","07/01/2015","06/30/2016","Influenza Immunization","82.42%","7600","9221","Healthcare Personnel Influenza Vaccination","72%","4321","5983","10/01/2016","03/31/2017"
"LA","Hours of physical-restraint use","0.11","1778.42","676007","Hours of Seclusion","0.20","3355.21","682779","Patients discharged on multiple antipsychotic medications with appropriate justification","77.64%","2489","3206","Alcohol Use Screening","95.75%","31704","33111","Alcohol Use Brief Intervention Provided or Offered","82.95%","6969","8401","60.25%","5062","8401","Tobacco Use Screening","95.39%","32811","34397","Tobacco Use Treatment (during the hospital stay)","78.37%","14174","18087","32.40%","5861","18087","Tobacco Use Treatment Provided or Offered at Discharge","49.41%","8180","16557","17.30%","2865","16557","Assessment of Patient Experience of Care","58","14","80.56%","19.44%","Highest level typical use of an EHR system","55","1","16","76.39%","1.39%","22.22%","Interoperable health information exchanged with HISP","17","55","23.61%","76.39%","01/01/2016","12/31/2016","Percent of patients receiving follow-up care within 30 days (FUH-30) or within 7 days (FUH-7) after hospitalization for mental illness","Not Available","Not Available","Not Available","Not Available","Not Available","Not Available","07/01/2015","06/30/2016","Influenza Immunization","74.93%","14451","19286","Healthcare Personnel Influenza Vaccination","68%","8298","12121","10/01/2016","03/31/2017"
"MA","Hours of physical-restraint use","0.22","4445.74","848654","Hours of Seclusion","0.08","1582.77","848654","Patients discharged on multiple antipsychotic medications with appropriate justification","63.19%","1207","1910","Alcohol Use Screening","94.22%","25541","27108","Alcohol Use Brief Intervention Provided or Offered","62.55%","4074","6513","57.98%","3776","6513","Tobacco Use Screening","97.87%","28628","29251","Tobacco Use Treatment (during the hospital stay)","72.64%","9479","13050","37.89%","4945","13050","Tobacco Use Treatment Provided or Offered at Discharge","33.95%","4107","12098","2.92%","353","12098","Assessment of Patient Experience of Care","40","10","80.00%","20.00%","Highest level typical use of an EHR system","36","0","14","72.00%","0.00%","28.00%","Interoperable health information exchanged with HISP","24","26","48.00%","52.00%","01/01/2016","12/31/2016","Percent of patients receiving follow-up care within 30 days (FUH-30) or within 7 days (FUH-7) after hospitalization for mental illness","Not Available","Not Available","Not Available","Not Available","Not Available","Not Available","07/01/2015","06/30/2016","Influenza Immunization","80.24%","13600","16949","Healthcare Personnel Influenza Vaccination","79%","10384","13215","10/01/2016","03/31/2017"
"MD","Hours of physical-restraint use","0.63","6231.32","411957","Hours of Seclusion","0.23","2315.29","411957","Patients discharged on multiple antipsychotic medications with appropriate justification","69.20%","328","474","Alcohol Use Screening","97.98%","6026","6150","Alcohol Use Brief Intervention Provided or Offered","9.13%","139","1523","8.14%","124","1523","Tobacco Use Screening","96.77%","6270","6479","Tobacco Use Treatment (during the hospital stay)","46.62%","1270","2724","34.40%","937","2724","Tobacco Use Treatment Provided or Offered at Discharge","48.21%","1026","2128","12.22%","260","2128","Assessment of Patient Experience of Care","4","3","57.14%","42.86%","Highest level typical use of an EHR system","5","1","1","71.43%","14.29%","14.29%","Interoperable health information exchanged with HISP","1","6","14.29%","85.71%","01/01/2016","12/31/2016","Percent of patients receiving follow-up care within 30 days (FUH-30) or within 7 days (FUH-7) after hospitalization for mental illness","Not Available","Not Available","Not Available","Not Available","Not Available","Not Available","07/01/2015","06/30/2016","Influenza Immunization","90.64%","4320","4766","Healthcare Personnel Influenza Vaccination","87%","5114","5874","10/01/2016","03/31/2017"
"ME","Hours of physical-restraint use","0.22","457.78","85322","Hours of Seclusion","0.32","663.41","85322","Patients discharged on multiple antipsychotic medications with appropriate justification","51.49%","52","101","Alcohol Use Screening","91.81%","1625","1770","Alcohol Use Brief Intervention Provided or Offered","65.35%","198","303","60.07%","182","303","Tobacco Use Screening","90.39%","1749","1935","Tobacco Use Treatment (during the hospital stay)","75.47%","566","750","39.87%","299","750","Tobacco Use Treatment Provided or Offered at Discharge","36.81%","261","709","8.89%","63","709","Assessment of Patient Experience of Care","5","2","71.43%","28.57%","Highest level typical use of an EHR system","3","0","4","42.86%","0.00%","57.14%","Interoperable health information exchanged with HISP","3","4","42.86%","57.14%","01/01/2016","12/31/2016","Percent of patients receiving follow-up care within 30 days (FUH-30) or within 7 days (FUH-7) after hospitalization for mental illness","Not Available","Not Available","Not Available","Not Available","Not Available","Not Available","07/01/2015","06/30/2016","Influenza Immunization","75.95%","1118","1472","Healthcare Personnel Influenza Vaccination","90%","1698","1891","10/01/2016","03/31/2017"
"MI","Hours of physical-restraint use","1.16","23443.3","838716","Hours of Seclusion","0.12","2379.79","821716","Patients discharged on multiple antipsychotic medications with appropriate justification","60.02%","1456","2426","Alcohol Use Screening","93.31%","24144","25874","Alcohol Use Brief Intervention Provided or Offered","55.64%","2463","4427","47.30%","2094","4427","Tobacco Use Screening","93.04%","25970","27912","Tobacco Use Treatment (during the hospital stay)","76.66%","9836","12830","47.78%","6130","12830","Tobacco Use Treatment Provided or Offered at Discharge","42.12%","5236","12430","9.98%","1241","12430","Assessment of Patient Experience of Care","42","13","76.36%","23.64%","Highest level typical use of an EHR system","29","2","24","52.73%","3.64%","43.64%","Interoperable health information exchanged with HISP","24","31","43.64%","56.36%","01/01/2016","12/31/2016","Percent of patients receiving follow-up care within 30 days (FUH-30) or within 7 days (FUH-7) after hospitalization for mental illness","Not Available","Not Available","Not Available","Not Available","Not Available","Not Available","07/01/2015","06/30/2016","Influenza Immunization","87.73%","14672","16724","Healthcare Personnel Influenza Vaccination","82%","14379","17555","10/01/2016","03/31/2017"
"MN","Hours of physical-restraint use","0.97","5473.44","235986","Hours of Seclusion","0.98","5537.71","235986","Patients discharged on multiple antipsychotic medications with appropriate justification","71.86%","355","494","Alcohol Use Screening","95.07%","7019","7383","Alcohol Use Brief Intervention Provided or Offered","42.12%","567","1346","39.30%","529","1346","Tobacco Use Screening","95.85%","8088","8438","Tobacco Use Treatment (during the hospital stay)","63.00%","2416","3835","39.87%","1529","3835","Tobacco Use Treatment Provided or Offered at Discharge","15.63%","530","3391","3.30%","112","3391","Assessment of Patient Experience of Care","25","4","86.21%","13.79%","Highest level typical use of an EHR system","11","0","18","37.93%","0.00%","62.07%","Interoperable health information exchanged with HISP","8","21","27.59%","72.41%","01/01/2016","12/31/2016","Percent of patients receiving follow-up care within 30 days (FUH-30) or within 7 days (FUH-7) after hospitalization for mental illness","Not Available","Not Available","Not Available","Not Available","Not Available","Not Available","07/01/2015","06/30/2016","Influenza Immunization","89.26%","4180","4683","Healthcare Personnel Influenza Vaccination","78%","4579","5847","10/01/2016","03/31/2017"
"MO","Hours of physical-restraint use","0.39","4051.49","429804","Hours of Seclusion","0.22","2188.33","423466","Patients discharged on multiple antipsychotic medications with appropriate justification","39.58%","568","1435","Alcohol Use Screening","94.82%","13241","13965","Alcohol Use Brief Intervention Provided or Offered","61.98%","1663","2683","54.86%","1472","2683","Tobacco Use Screening","96.94%","15858","16358","Tobacco Use Treatment (during the hospital stay)","78.12%","6295","8058","56.09%","4520","8058","Tobacco Use Treatment Provided or Offered at Discharge","28.80%","2390","8300","2.58%","214","8300","Assessment of Patient Experience of Care","29","12","70.73%","29.27%","Highest level typical use of an EHR system","21","2","18","51.22%","4.88%","43.90%","Interoperable health information exchanged with HISP","12","29","29.27%","70.73%","01/01/2016","12/31/2016","Percent of patients receiving follow-up care within 30 days (FUH-30) or within 7 days (FUH-7) after hospitalization for mental illness","Not Available","Not Available","Not Available","Not Available","Not Available","Not Available","07/01/2015","06/30/2016","Influenza Immunization","83.10%","7983","9607","Healthcare Personnel Influenza Vaccination","93%","16652","17970","10/01/2016","03/31/2017"
"MS","Hours of physical-restraint use","0.08","533.42","278177","Hours of Seclusion","0.18","1209.08","277475","Patients discharged on multiple antipsychotic medications with appropriate justification","64.05%","768","1199","Alcohol Use Screening","95.17%","10096","10608","Alcohol Use Brief Intervention Provided or Offered","80.91%","1009","1247","70.73%","882","1247","Tobacco Use Screening","94.58%","10972","11601","Tobacco Use Treatment (during the hospital stay)","83.47%","4276","5123","46.77%","2396","5123","Tobacco Use Treatment Provided or Offered at Discharge","53.23%","2400","4509","14.70%","663","4509","Assessment of Patient Experience of Care","24","18","57.14%","42.86%","Highest level typical use of an EHR system","23","1","18","54.76%","2.38%","42.86%","Interoperable health information exchanged with HISP","18","24","42.86%","57.14%","01/01/2016","12/31/2016","Percent of patients receiving follow-up care within 30 days (FUH-30) or within 7 days (FUH-7) after hospitalization for mental illness","Not Available","Not Available","Not Available","Not Available","Not Available","Not Available","07/01/2015","06/30/2016","Influenza Immunization","83.17%","5596","6728","Healthcare Personnel Influenza Vaccination","82%","10847","13215","10/01/2016","03/31/2017"
"MT","Hours of physical-restraint use","0.25","404.16","68488","Hours of Seclusion","0.68","1112.21","68488","Patients discharged on multiple antipsychotic medications with appropriate justification","41.88%","80","191","Alcohol Use Screening","83.11%","1122","1350","Alcohol Use Brief Intervention Provided or Offered","53.29%","178","334","49.10%","164","334","Tobacco Use Screening","98.60%","1404","1424","Tobacco Use Treatment (during the hospital stay)","58.70%","425","724","48.62%","352","724","Tobacco Use Treatment Provided or Offered at Discharge","20.93%","131","626","3.83%","24","626","Assessment of Patient Experience of Care","4","0","100.00%","0.00%","Highest level typical use of an EHR system","3","0","1","75.00%","0.00%","25.00%","Interoperable health information exchanged with HISP","1","3","25.00%","75.00%","01/01/2016","12/31/2016","Percent of patients receiving follow-up care within 30 days (FUH-30) or within 7 days (FUH-7) after hospitalization for mental illness","Not Available","Not Available","Not Available","Not Available","Not Available","Not Available","07/01/2015","06/30/2016","Influenza Immunization","70.25%","831","1183","Healthcare Personnel Influenza Vaccination","60%","677","1127","10/01/2016","03/31/2017"
"NC","Hours of physical-restraint use","0.36","6764.47","777690","Hours of Seclusion","0.17","3226.12","777660","Patients discharged on multiple antipsychotic medications with appropriate justification","78.27%","861","1100","Alcohol Use Screening","90.94%","20771","22841","Alcohol Use Brief Intervention Provided or Offered","71.32%","3342","4686","67.46%","3161","4686","Tobacco Use Screening","93.36%","23326","24985","Tobacco Use Treatment (during the hospital stay)","81.58%","10989","13471","53.27%","7176","13471","Tobacco Use Treatment Provided or Offered at Discharge","44.67%","5678","12711","10.60%","1348","12711","Assessment of Patient Experience of Care","35","8","81.40%","18.60%","Highest level typical use of an EHR system","21","0","22","48.84%","0.00%","51.16%","Interoperable health information exchanged with HISP","24","19","55.81%","44.19%","01/01/2016","12/31/2016","Percent of patients receiving follow-up care within 30 days (FUH-30) or within 7 days (FUH-7) after hospitalization for mental illness","Not Available","Not Available","Not Available","Not Available","Not Available","Not Available","07/01/2015","06/30/2016","Influenza Immunization","92.47%","14049","15193","Healthcare Personnel Influenza Vaccination","89%","11966","13482","10/01/2016","03/31/2017"
"ND","Hours of physical-restraint use","0.37","771.78","87209","Hours of Seclusion","2.69","5623.06","87209","Patients discharged on multiple antipsychotic medications with appropriate justification","38.46%","60","156","Alcohol Use Screening","78.37%","2123","2709","Alcohol Use Brief Intervention Provided or Offered","86.12%","639","742","84.91%","630","742","Tobacco Use Screening","88.12%","2774","3148","Tobacco Use Treatment (during the hospital stay)","66.17%","1285","1942","23.53%","457","1942","Tobacco Use Treatment Provided or Offered at Discharge","34.40%","593","1724","11.37%","196","1724","Assessment of Patient Experience of Care","7","1","87.50%","12.50%","Highest level typical use of an EHR system","3","0","5","37.50%","0.00%","62.50%","Interoperable health information exchanged with HISP","2","6","25.00%","75.00%","01/01/2016","12/31/2016","Percent of patients receiving follow-up care within 30 days (FUH-30) or within 7 days (FUH-7) after hospitalization for mental illness","Not Available","Not Available","Not Available","Not Available","Not Available","Not Available","07/01/2015","06/30/2016","Influenza Immunization","77.07%","2138","2774","Healthcare Personnel Influenza Vaccination","94%","1340","1421","10/01/2016","03/31/2017"
"NE","Hours of physical-restraint use","0.25","337.96","56934","Hours of Seclusion","0.55","754.73","56934","Patients discharged on multiple antipsychotic medications with appropriate justification","80.47%","206","256","Alcohol Use Screening","95.53%","2626","2749","Alcohol Use Brief Intervention Provided or Offered","83.90%","568","677","74.89%","507","677","Tobacco Use Screening","96.89%","3085","3184","Tobacco Use Treatment (during the hospital stay)","81.68%","1355","1659","51.90%","861","1659","Tobacco Use Treatment Provided or Offered at Discharge","58.46%","902","1543","17.30%","267","1543","Assessment of Patient Experience of Care","10","0","100.00%","0.00%","Highest level typical use of an EHR system","7","0","3","70.00%","0.00%","30.00%","Interoperable health information exchanged with HISP","3","7","30.00%","70.00%","01/01/2016","12/31/2016","Percent of patients receiving follow-up care within 30 days (FUH-30) or within 7 days (FUH-7) after hospitalization for mental illness","Not Available","Not Available","Not Available","Not Available","Not Available","Not Available","07/01/2015","06/30/2016","Influenza Immunization","87.19%","2090","2397","Healthcare Personnel Influenza Vaccination","86%","2406","2808","10/01/2016","03/31/2017"
"NH","Hours of physical-restraint use","1.23","3639.93","122991","Hours of Seclusion","0.97","2876.21","122991","Patients discharged on multiple antipsychotic medications with appropriate justification","62.12%","82","132","Alcohol Use Screening","91.75%","3514","3830","Alcohol Use Brief Intervention Provided or Offered","65.64%","764","1164","63.92%","744","1164","Tobacco Use Screening","76.67%","3739","4877","Tobacco Use Treatment (during the hospital stay)","89.26%","1721","1928","52.49%","1012","1928","Tobacco Use Treatment Provided or Offered at Discharge","46.32%","792","1710","9.18%","157","1710","Assessment of Patient Experience of Care","9","3","75.00%","25.00%","Highest level typical use of an EHR system","8","0","4","66.67%","0.00%","33.33%","Interoperable health information exchanged with HISP","6","6","50.00%","50.00%","01/01/2016","12/31/2016","Percent of patients receiving follow-up care within 30 days (FUH-30) or within 7 days (FUH-7) after hospitalization for mental illness","Not Available","Not Available","Not Available","Not Available","Not Available","Not Available","07/01/2015","06/30/2016","Influenza Immunization","70.49%","2131","3023","Healthcare Personnel Influenza Vaccination","84%","2835","3374","10/01/2016","03/31/2017"
"NJ","Hours of physical-restraint use","0.24","6060.9","1074238","Hours of Seclusion","0.05","1250.22","1074238","Patients discharged on multiple antipsychotic medications with appropriate justification","76.42%","1157","1514","Alcohol Use Screening","89.35%","15999","17906","Alcohol Use Brief Intervention Provided or Offered","78.68%","2779","3532","74.18%","2620","3532","Tobacco Use Screening","97.69%","18474","18910","Tobacco Use Treatment (during the hospital stay)","77.17%","6576","8521","35.42%","3018","8521","Tobacco Use Treatment Provided or Offered at Discharge","47.31%","3574","7555","10.95%","827","7555","Assessment of Patient Experience of Care","37","4","90.24%","9.76%","Highest level typical use of an EHR system","28","0","13","68.29%","0.00%","31.71%","Interoperable health information exchanged with HISP","13","28","31.71%","68.29%","01/01/2016","12/31/2016","Percent of patients receiving follow-up care within 30 days (FUH-30) or within 7 days (FUH-7) after hospitalization for mental illness","Not Available","Not Available","Not Available","Not Available","Not Available","Not Available","07/01/2015","06/30/2016","Influenza Immunization","86.32%","9739","11283","Healthcare Personnel Influenza Vaccination","69%","15055","21960","10/01/2016","03/31/2017"
"NM","Hours of physical-restraint use","0.06","143.5","93856","Hours of Seclusion","0.16","361.44","93856","Patients discharged on multiple antipsychotic medications with appropriate justification","69.57%","192","276","Alcohol Use Screening","92.63%","4098","4424","Alcohol Use Brief Intervention Provided or Offered","78.30%","729","931","74.97%","698","931","Tobacco Use Screening","96.86%","4661","4812","Tobacco Use Treatment (during the hospital stay)","62.93%","1095","1740","27.87%","485","1740","Tobacco Use Treatment Provided or Offered at Discharge","40.49%","643","1588","7.62%","121","1588","Assessment of Patient Experience of Care","10","1","90.91%","9.09%","Highest level typical use of an EHR system","6","0","5","54.55%","0.00%","45.45%","Interoperable health information exchanged with HISP","7","4","63.64%","36.36%","01/01/2016","12/31/2016","Percent of patients receiving follow-up care within 30 days (FUH-30) or within 7 days (FUH-7) after hospitalization for mental illness","Not Available","Not Available","Not Available","Not Available","Not Available","Not Available","07/01/2015","06/30/2016","Influenza Immunization","73.97%","2413","3262","Healthcare Personnel Influenza Vaccination","79%","1523","1936","10/01/2016","03/31/2017"
"NV","Hours of physical-restraint use","0.13","797.49","262149","Hours of Seclusion","0.12","786.13","262149","Patients discharged on multiple antipsychotic medications with appropriate justification","56.30%","786","1396","Alcohol Use Screening","79.33%","6955","8767","Alcohol Use Brief Intervention Provided or Offered","74.03%","1120","1513","58.49%","885","1513","Tobacco Use Screening","98.73%","9516","9638","Tobacco Use Treatment (during the hospital stay)","82.18%","4668","5680","48.59%","2760","5680","Tobacco Use Treatment Provided or Offered at Discharge","45.17%","1886","4175","7.86%","328","4175","Assessment of Patient Experience of Care","9","5","64.29%","35.71%","Highest level typical use of an EHR system","8","0","6","57.14%","0.00%","42.86%","Interoperable health information exchanged with HISP","4","10","28.57%","71.43%","01/01/2016","12/31/2016","Percent of patients receiving follow-up care within 30 days (FUH-30) or within 7 days (FUH-7) after hospitalization for mental illness","Not Available","Not Available","Not Available","Not Available","Not Available","Not Available","07/01/2015","06/30/2016","Influenza Immunization","81.68%","3822","4679","Healthcare Personnel Influenza Vaccination","66%","2256","3424","10/01/2016","03/31/2017"
"NY","Hours of physical-restraint use","0.30","19463.6","2740838","Hours of Seclusion","0.15","9595.45","2735225","Patients discharged on multiple antipsychotic medications with appropriate justification","73.94%","3699","5003","Alcohol Use Screening","93.06%","48303","51904","Alcohol Use Brief Intervention Provided or Offered","70.64%","6418","9086","64.92%","5899","9086","Tobacco Use Screening","97.14%","52645","54193","Tobacco Use Treatment (during the hospital stay)","70.87%","16420","23170","43.66%","10117","23170","Tobacco Use Treatment Provided or Offered at Discharge","38.43%","8057","20965","9.43%","1977","20965","Assessment of Patient Experience of Care","88","17","83.81%","16.19%","Highest level typical use of an EHR system","63","5","37","60.00%","4.76%","35.24%","Interoperable health information exchanged with HISP","41","64","39.05%","60.95%","01/01/2016","12/31/2016","Percent of patients receiving follow-up care within 30 days (FUH-30) or within 7 days (FUH-7) after hospitalization for mental illness","Not Available","Not Available","Not Available","Not Available","Not Available","Not Available","07/01/2015","06/30/2016","Influenza Immunization","85.94%","30685","35704","Healthcare Personnel Influenza Vaccination","85%","66411","78544","10/01/2016","03/31/2017"
"OH","Hours of physical-restraint use","0.25","6740.08","1125447","Hours of Seclusion","0.35","9412.49","1122252","Patients discharged on multiple antipsychotic medications with appropriate justification","67.98%","1603","2358","Alcohol Use Screening","95.90%","31380","32721","Alcohol Use Brief Intervention Provided or Offered","67.17%","3947","5876","58.25%","3423","5876","Tobacco Use Screening","94.49%","31219","33041","Tobacco Use Treatment (during the hospital stay)","79.16%","13021","16448","44.24%","7277","16448","Tobacco Use Treatment Provided or Offered at Discharge","39.91%","5893","14767","7.26%","1072","14767","Assessment of Patient Experience of Care","66","5","92.96%","7.04%","Highest level typical use of an EHR system","39","1","31","54.93%","1.41%","43.66%","Interoperable health information exchanged with HISP","26","45","36.62%","63.38%","01/01/2016","12/31/2016","Percent of patients receiving follow-up care within 30 days (FUH-30) or within 7 days (FUH-7) after hospitalization for mental illness","Not Available","Not Available","Not Available","Not Available","Not Available","Not Available","07/01/2015","06/30/2016","Influenza Immunization","79.93%","17014","21285","Healthcare Personnel Influenza Vaccination","85%","26547","31386","10/01/2016","03/31/2017"
"OK","Hours of physical-restraint use","0.56","3221.68","238339","Hours of Seclusion","0.11","652.32","238339","Patients discharged on multiple antipsychotic medications with appropriate justification","55.05%","387","703","Alcohol Use Screening","86.20%","8506","9868","Alcohol Use Brief Intervention Provided or Offered","89.71%","1465","1633","61.73%","1008","1633","Tobacco Use Screening","98.63%","10763","10912","Tobacco Use Treatment (during the hospital stay)","84.69%","4017","4743","51.95%","2464","4743","Tobacco Use Treatment Provided or Offered at Discharge","50.54%","2219","4391","14.92%","655","4391","Assessment of Patient Experience of Care","18","13","58.06%","41.94%","Highest level typical use of an EHR system","16","1","14","51.61%","3.23%","45.16%","Interoperable health information exchanged with HISP","12","19","38.71%","61.29%","01/01/2016","12/31/2016","Percent of patients receiving follow-up care within 30 days (FUH-30) or within 7 days (FUH-7) after hospitalization for mental illness","Not Available","Not Available","Not Available","Not Available","Not Available","Not Available","07/01/2015","06/30/2016","Influenza Immunization","85.13%","5468","6423","Healthcare Personnel Influenza Vaccination","75%","3475","4661","10/01/2016","03/31/2017"
"OR","Hours of physical-restraint use","0.43","1929.54","185536","Hours of Seclusion","1.76","7814.87","185536","Patients discharged on multiple antipsychotic medications with appropriate justification","47.10%","187","397","Alcohol Use Screening","82.05%","3502","4268","Alcohol Use Brief Intervention Provided or Offered","38.77%","373","962","32.74%","315","962","Tobacco Use Screening","87.44%","4052","4634","Tobacco Use Treatment (during the hospital stay)","56.15%","1210","2155","35.96%","775","2155","Tobacco Use Treatment Provided or Offered at Discharge","20.44%","384","1879","3.94%","74","1879","Assessment of Patient Experience of Care","7","4","63.64%","36.36%","Highest level typical use of an EHR system","4","0","7","36.36%","0.00%","63.64%","Interoperable health information exchanged with HISP","7","4","63.64%","36.36%","01/01/2016","12/31/2016","Percent of patients receiving follow-up care within 30 days (FUH-30) or within 7 days (FUH-7) after hospitalization for mental illness","Not Available","Not Available","Not Available","Not Available","Not Available","Not Available","07/01/2015","06/30/2016","Influenza Immunization","73.34%","2228","3038","Healthcare Personnel Influenza Vaccination","69%","2704","3947","10/01/2016","03/31/2017"
"PA","Hours of physical-restraint use","0.37","13524.84","1520235","Hours of Seclusion","0.27","9511.67","1466180","Patients discharged on multiple antipsychotic medications with appropriate justification","54.64%","1308","2394","Alcohol Use Screening","91.22%","35455","38869","Alcohol Use Brief Intervention Provided or Offered","64.90%","4122","6351","57.01%","3621","6351","Tobacco Use Screening","97.37%","40539","41632","Tobacco Use Treatment (during the hospital stay)","79.18%","15990","20194","44.13%","8912","20194","Tobacco Use Treatment Provided or Offered at Discharge","36.61%","6464","17657","5.96%","1052","17657","Assessment of Patient Experience of Care","68","18","79.07%","20.93%","Highest level typical use of an EHR system","52","2","32","60.47%","2.33%","37.21%","Interoperable health information exchanged with HISP","37","49","43.02%","56.98%","01/01/2016","12/31/2016","Percent of patients receiving follow-up care within 30 days (FUH-30) or within 7 days (FUH-7) after hospitalization for mental illness","Not Available","Not Available","Not Available","Not Available","Not Available","Not Available","07/01/2015","06/30/2016","Influenza Immunization","83.17%","20561","24723","Healthcare Personnel Influenza Vaccination","79%","25858","32912","10/01/2016","03/31/2017"
"PR","Hours of physical-restraint use","0.30","1022.68","144177","Hours of Seclusion","0.02","65.99","144177","Patients discharged on multiple antipsychotic medications with appropriate justification","80.77%","21","26","Alcohol Use Screening","97.32%","5985","6150","Alcohol Use Brief Intervention Provided or Offered","93.47%","1173","1255","93.39%","1172","1255","Tobacco Use Screening","98.17%","6181","6296","Tobacco Use Treatment (during the hospital stay)","46.07%","1089","2364","22.46%","531","2364","Tobacco Use Treatment Provided or Offered at Discharge","5.01%","118","2355","0.89%","21","2355","Assessment of Patient Experience of Care","6","1","85.71%","14.29%","Highest level typical use of an EHR system","7","0","0","100.00%","0.00%","0.00%","Interoperable health information exchanged with HISP","2","5","28.57%","71.43%","01/01/2016","12/31/2016","Percent of patients receiving follow-up care within 30 days (FUH-30) or within 7 days (FUH-7) after hospitalization for mental illness","Not Available","Not Available","Not Available","Not Available","Not Available","Not Available","07/01/2015","06/30/2016","Influenza Immunization","29.14%","1083","3717","Healthcare Personnel Influenza Vaccination","54%","781","1451","10/01/2016","03/31/2017"
"RI","Hours of physical-restraint use","0.59","1685.89","118815","Hours of Seclusion","0.62","1662.51","111871","Patients discharged on multiple antipsychotic medications with appropriate justification","78.03%","103","132","Alcohol Use Screening","99.03%","2744","2771","Alcohol Use Brief Intervention Provided or Offered","69.15%","325","470","64.68%","304","470","Tobacco Use Screening","98.72%","3229","3271","Tobacco Use Treatment (during the hospital stay)","70.40%","1113","1581","35.10%","555","1581","Tobacco Use Treatment Provided or Offered at Discharge","23.57%","342","1451","15.44%","224","1451","Assessment of Patient Experience of Care","6","1","85.71%","14.29%","Highest level typical use of an EHR system","2","0","5","28.57%","0.00%","71.43%","Interoperable health information exchanged with HISP","5","2","71.43%","28.57%","01/01/2016","12/31/2016","Percent of patients receiving follow-up care within 30 days (FUH-30) or within 7 days (FUH-7) after hospitalization for mental illness","Not Available","Not Available","Not Available","Not Available","Not Available","Not Available","07/01/2015","06/30/2016","Influenza Immunization","82.54%","2194","2658","Healthcare Personnel Influenza Vaccination","91%","3203","3537","10/01/2016","03/31/2017"
"SC","Hours of physical-restraint use","0.11","968.68","370503","Hours of Seclusion","0.20","1767.78","370503","Patients discharged on multiple antipsychotic medications with appropriate justification","70.65%","443","627","Alcohol Use Screening","96.94%","9961","10275","Alcohol Use Brief Intervention Provided or Offered","78.01%","1852","2374","72.16%","1713","2374","Tobacco Use Screening","97.24%","10811","11118","Tobacco Use Treatment (during the hospital stay)","85.33%","4903","5746","41.92%","2409","5746","Tobacco Use Treatment Provided or Offered at Discharge","50.85%","2734","5377","7.44%","400","5377","Assessment of Patient Experience of Care","16","7","69.57%","30.43%","Highest level typical use of an EHR system","12","0","11","52.17%","0.00%","47.83%","Interoperable health information exchanged with HISP","9","14","39.13%","60.87%","01/01/2016","12/31/2016","Percent of patients receiving follow-up care within 30 days (FUH-30) or within 7 days (FUH-7) after hospitalization for mental illness","Not Available","Not Available","Not Available","Not Available","Not Available","Not Available","07/01/2015","06/30/2016","Influenza Immunization","85.99%","6185","7193","Healthcare Personnel Influenza Vaccination","80%","3536","4418","10/01/2016","03/31/2017"
"SD","Hours of physical-restraint use","0.22","133.93","25202","Hours of Seclusion","8.74","5288.05","25202","Patients discharged on multiple antipsychotic medications with appropriate justification","57.47%","50","87","Alcohol Use Screening","91.49%","785","858","Alcohol Use Brief Intervention Provided or Offered","71.49%","163","228","64.91%","148","228","Tobacco Use Screening","89.57%","979","1093","Tobacco Use Treatment (during the hospital stay)","82.21%","425","517","26.50%","137","517","Tobacco Use Treatment Provided or Offered at Discharge","32.23%","146","453","1.10%","5","453","Assessment of Patient Experience of Care","3","1","75.00%","25.00%","Highest level typical use of an EHR system","2","0","2","50.00%","0.00%","50.00%","Interoperable health information exchanged with HISP","2","2","50.00%","50.00%","01/01/2016","12/31/2016","Percent of patients receiving follow-up care within 30 days (FUH-30) or within 7 days (FUH-7) after hospitalization for mental illness","Not Available","Not Available","Not Available","Not Available","Not Available","Not Available","07/01/2015","06/30/2016","Influenza Immunization","85.24%","872","1023","Healthcare Personnel Influenza Vaccination","96%","1050","1095","10/01/2016","03/31/2017"
"TN","Hours of physical-restraint use","1.10","13063","496149","Hours of Seclusion","0.15","1827.98","496149","Patients discharged on multiple antipsychotic medications with appropriate justification","49.71%","260","523","Alcohol Use Screening","95.80%","16251","16963","Alcohol Use Brief Intervention Provided or Offered","84.44%","2464","2918","72.48%","2115","2918","Tobacco Use Screening","98.60%","18324","18584","Tobacco Use Treatment (during the hospital stay)","86.87%","7611","8761","46.03%","4033","8761","Tobacco Use Treatment Provided or Offered at Discharge","45.95%","3576","7783","3.66%","285","7783","Assessment of Patient Experience of Care","28","22","56.00%","44.00%","Highest level typical use of an EHR system","34","2","14","68.00%","4.00%","28.00%","Interoperable health information exchanged with HISP","15","35","30.00%","70.00%","01/01/2016","12/31/2016","Percent of patients receiving follow-up care within 30 days (FUH-30) or within 7 days (FUH-7) after hospitalization for mental illness","Not Available","Not Available","Not Available","Not Available","Not Available","Not Available","07/01/2015","06/30/2016","Influenza Immunization","80.58%","8627","10706","Healthcare Personnel Influenza Vaccination","77%","14977","19446","10/01/2016","03/31/2017"
"TX","Hours of physical-restraint use","0.11","4237.33","1643153","Hours of Seclusion","0.10","4021.84","1644417","Patients discharged on multiple antipsychotic medications with appropriate justification","64.20%","1951","3039","Alcohol Use Screening","94.36%","42423","44961","Alcohol Use Brief Intervention Provided or Offered","68.07%","7118","10457","54.73%","5723","10457","Tobacco Use Screening","96.96%","45783","47217","Tobacco Use Treatment (during the hospital stay)","81.00%","16240","20049","31.73%","6361","20049","Tobacco Use Treatment Provided or Offered at Discharge","42.45%","7715","18173","6.56%","1192","18173","Assessment of Patient Experience of Care","87","27","76.32%","23.68%","Highest level typical use of an EHR system","75","6","33","65.79%","5.26%","28.95%","Interoperable health information exchanged with HISP","26","88","22.81%","77.19%","01/01/2016","12/31/2016","Percent of patients receiving follow-up care within 30 days (FUH-30) or within 7 days (FUH-7) after hospitalization for mental illness","Not Available","Not Available","Not Available","Not Available","Not Available","Not Available","07/01/2015","06/30/2016","Influenza Immunization","79.80%","48503","60777","Healthcare Personnel Influenza Vaccination","77%","29909","38770","10/01/2016","03/31/2017"
"UT","Hours of physical-restraint use","1.41","9349.25","276524","Hours of Seclusion","0.64","4241.27","276961","Patients discharged on multiple antipsychotic medications with appropriate justification","73.55%","203","276","Alcohol Use Screening","95.31%","6334","6646","Alcohol Use Brief Intervention Provided or Offered","59.77%","933","1561","51.12%","798","1561","Tobacco Use Screening","98.16%","7560","7702","Tobacco Use Treatment (during the hospital stay)","81.88%","2852","3483","35.17%","1225","3483","Tobacco Use Treatment Provided or Offered at Discharge","39.69%","1237","3117","24.51%","764","3117","Assessment of Patient Experience of Care","16","2","88.89%","11.11%","Highest level typical use of an EHR system","7","1","10","38.89%","5.56%","55.56%","Interoperable health information exchanged with HISP","10","8","55.56%","44.44%","01/01/2016","12/31/2016","Percent of patients receiving follow-up care within 30 days (FUH-30) or within 7 days (FUH-7) after hospitalization for mental illness","Not Available","Not Available","Not Available","Not Available","Not Available","Not Available","07/01/2015","06/30/2016","Influenza Immunization","94.49%","4576","4843","Healthcare Personnel Influenza Vaccination","87%","3687","4216","10/01/2016","03/31/2017"
"VA","Hours of physical-restraint use","0.53","6295.64","491139","Hours of Seclusion","0.45","5289.86","491139","Patients discharged on multiple antipsychotic medications with appropriate justification","65.86%","596","905","Alcohol Use Screening","94.72%","15866","16750","Alcohol Use Brief Intervention Provided or Offered","75.64%","2633","3481","71.73%","2497","3481","Tobacco Use Screening","96.50%","18762","19442","Tobacco Use Treatment (during the hospital stay)","73.37%","7010","9554","42.20%","4032","9554","Tobacco Use Treatment Provided or Offered at Discharge","42.09%","3858","9167","16.98%","1557","9167","Assessment of Patient Experience of Care","24","11","68.57%","31.43%","Highest level typical use of an EHR system","18","0","17","51.43%","0.00%","48.57%","Interoperable health information exchanged with HISP","18","17","51.43%","48.57%","01/01/2016","12/31/2016","Percent of patients receiving follow-up care within 30 days (FUH-30) or within 7 days (FUH-7) after hospitalization for mental illness","Not Available","Not Available","Not Available","Not Available","Not Available","Not Available","07/01/2015","06/30/2016","Influenza Immunization","89.50%","10187","11382","Healthcare Personnel Influenza Vaccination","79%","11923","15028","10/01/2016","03/31/2017"
"VT","Hours of physical-restraint use","0.16","198.24","50242","Hours of Seclusion","0.34","411.8","50242","Patients discharged on multiple antipsychotic medications with appropriate justification","13.56%","8","59","Alcohol Use Screening","75.19%","585","778","Alcohol Use Brief Intervention Provided or Offered","71.48%","193","270","71.48%","193","270","Tobacco Use Screening","93.40%","793","849","Tobacco Use Treatment (during the hospital stay)","97.11%","336","346","4.05%","14","346","Tobacco Use Treatment Provided or Offered at Discharge","2.24%","11","490","0.20%","1","490","Assessment of Patient Experience of Care","1","2","33.33%","66.67%","Highest level typical use of an EHR system","3","0","0","100.00%","0.00%","0.00%","Interoperable health information exchanged with HISP","0","3","0.00%","100.00%","01/01/2016","12/31/2016","Percent of patients receiving follow-up care within 30 days (FUH-30) or within 7 days (FUH-7) after hospitalization for mental illness","Not Available","Not Available","Not Available","Not Available","Not Available","Not Available","07/01/2015","06/30/2016","Influenza Immunization","42.34%","232","548","Healthcare Personnel Influenza Vaccination","56%","767","1363","10/01/2016","03/31/2017"
"WA","Hours of physical-restraint use","1.09","15061.86","578084","Hours of Seclusion","2.04","28232.74","578037","Patients discharged on multiple antipsychotic medications with appropriate justification","52.93%","379","716","Alcohol Use Screening","85.77%","5375","6267","Alcohol Use Brief Intervention Provided or Offered","38.20%","453","1186","33.98%","403","1186","Tobacco Use Screening","97.21%","6437","6622","Tobacco Use Treatment (during the hospital stay)","51.62%","1319","2555","21.88%","559","2555","Tobacco Use Treatment Provided or Offered at Discharge","17.34%","381","2197","2.69%","59","2197","Assessment of Patient Experience of Care","13","2","86.67%","13.33%","Highest level typical use of an EHR system","10","0","5","66.67%","0.00%","33.33%","Interoperable health information exchanged with HISP","5","10","33.33%","66.67%","01/01/2016","12/31/2016","Percent of patients receiving follow-up care within 30 days (FUH-30) or within 7 days (FUH-7) after hospitalization for mental illness","Not Available","Not Available","Not Available","Not Available","Not Available","Not Available","07/01/2015","06/30/2016","Influenza Immunization","77.54%","2800","3611","Healthcare Personnel Influenza Vaccination","65%","4843","7437","10/01/2016","03/31/2017"
"WI","Hours of physical-restraint use","1.01","6341.25","260765","Hours of Seclusion","0.50","3149.3","260765","Patients discharged on multiple antipsychotic medications with appropriate justification","39.02%","423","1084","Alcohol Use Screening","91.81%","7843","8543","Alcohol Use Brief Intervention Provided or Offered","80.88%","1641","2029","74.96%","1521","2029","Tobacco Use Screening","93.15%","9728","10443","Tobacco Use Treatment (during the hospital stay)","76.10%","3766","4949","48.68%","2409","4949","Tobacco Use Treatment Provided or Offered at Discharge","37.99%","1742","4585","3.79%","174","4585","Assessment of Patient Experience of Care","15","7","68.18%","31.82%","Highest level typical use of an EHR system","10","1","11","45.45%","4.55%","50.00%","Interoperable health information exchanged with HISP","10","12","45.45%","54.55%","01/01/2016","12/31/2016","Percent of patients receiving follow-up care within 30 days (FUH-30) or within 7 days (FUH-7) after hospitalization for mental illness","Not Available","Not Available","Not Available","Not Available","Not Available","Not Available","07/01/2015","06/30/2016","Influenza Immunization","69.90%","5721","8185","Healthcare Personnel Influenza Vaccination","71%","8337","11671","10/01/2016","03/31/2017"
"WV","Hours of physical-restraint use","0.25","1417.92","237764","Hours of Seclusion","0.16","874.51","229118","Patients discharged on multiple antipsychotic medications with appropriate justification","34.24%","138","403","Alcohol Use Screening","86.35%","5074","5876","Alcohol Use Brief Intervention Provided or Offered","84.60%","967","1143","82.33%","941","1143","Tobacco Use Screening","98.74%","6438","6520","Tobacco Use Treatment (during the hospital stay)","81.60%","3358","4115","60.83%","2503","4115","Tobacco Use Treatment Provided or Offered at Discharge","57.52%","2221","3861","7.07%","273","3861","Assessment of Patient Experience of Care","15","0","100.00%","0.00%","Highest level typical use of an EHR system","8","1","6","53.33%","6.67%","40.00%","Interoperable health information exchanged with HISP","5","10","33.33%","66.67%","01/01/2016","12/31/2016","Percent of patients receiving follow-up care within 30 days (FUH-30) or within 7 days (FUH-7) after hospitalization for mental illness","Not Available","Not Available","Not Available","Not Available","Not Available","Not Available","07/01/2015","06/30/2016","Influenza Immunization","87.21%","3901","4473","Healthcare Personnel Influenza Vaccination","87%","3843","4432","10/01/2016","03/31/2017"
"WY","Hours of physical-restraint use","0.04","34.76","39579","Hours of Seclusion","0.06","59.95","39579","Patients discharged on multiple antipsychotic medications with appropriate justification","56.41%","22","39","Alcohol Use Screening","97.26%","958","985","Alcohol Use Brief Intervention Provided or Offered","97.98%","339","346","97.69%","338","346","Tobacco Use Screening","98.53%","1210","1228","Tobacco Use Treatment (during the hospital stay)","93.46%","643","688","58.72%","404","688","Tobacco Use Treatment Provided or Offered at Discharge","64.60%","396","613","44.05%","270","613","Assessment of Patient Experience of Care","5","0","100.00%","0.00%","Highest level typical use of an EHR system","1","0","4","20.00%","0.00%","80.00%","Interoperable health information exchanged with HISP","3","2","60.00%","40.00%","01/01/2016","12/31/2016","Percent of patients receiving follow-up care within 30 days (FUH-30) or within 7 days (FUH-7) after hospitalization for mental illness","Not Available","Not Available","Not Available","Not Available","Not Available","Not Available","07/01/2015","06/30/2016","Influenza Immunization","93.61%","923","986","Healthcare Personnel Influenza Vaccination","98%","3335","3411","10/01/2016","03/31/2017"
